date,venda,estoque,preco,year,month,day,day_of_week,is_weekend,rolling_sales,lag_sales
2014-01-01,0,4972,1.29,2014,1,1,2,0,,
2014-01-02,70,4902,1.29,2014,1,2,3,0,,0.0
2014-01-03,59,4843,1.29,2014,1,3,4,0,,70.0
2014-01-04,93,4750,1.29,2014,1,4,5,1,,59.0
2014-01-05,96,4654,1.29,2014,1,5,6,1,,93.0
2014-01-06,145,4509,1.29,2014,1,6,0,0,,96.0
2014-01-07,179,4329,1.29,2014,1,7,1,0,91.71428571428571,145.0
2014-01-08,321,4104,1.29,2014,1,8,2,0,137.57142857142858,179.0
2014-01-09,125,4459,1.09,2014,1,9,3,0,145.42857142857142,321.0
2014-01-10,88,5043,1.09,2014,1,10,4,0,149.57142857142858,125.0
2014-01-11,188,5239,1.09,2014,1,11,5,1,163.14285714285714,88.0
2014-01-12,121,5118,1.09,2014,1,12,6,1,166.71428571428572,188.0
2014-01-13,134,4984,1.09,2014,1,13,0,0,165.14285714285714,121.0
2014-01-14,80,4904,1.09,2014,1,14,1,0,151.0,134.0
2014-01-15,82,4822,1.09,2014,1,15,2,0,116.85714285714286,80.0
2014-01-16,94,4728,1.19,2014,1,16,3,0,112.42857142857143,82.0
2014-01-18,159,4464,1.19,2014,1,18,5,1,122.57142857142857,94.0
2014-01-19,199,4265,1.19,2014,1,19,6,1,124.14285714285714,159.0
2014-01-20,104,4161,1.19,2014,1,20,0,0,121.71428571428571,199.0
2014-01-21,70,4091,1.19,2014,1,21,1,0,112.57142857142857,104.0
2014-01-22,127,3964,1.09,2014,1,22,2,0,119.28571428571429,70.0
2014-01-23,96,3868,1.09,2014,1,23,3,0,121.28571428571429,127.0
2014-01-24,75,3793,1.09,2014,1,24,4,0,118.57142857142857,96.0
2014-01-25,198,3595,1.09,2014,1,25,5,1,124.14285714285714,75.0
2014-01-26,168,3427,1.09,2014,1,26,6,1,119.71428571428571,198.0
2014-01-27,125,3302,1.09,2014,1,27,0,0,122.71428571428571,168.0
2014-01-28,86,3216,1.09,2014,1,28,1,0,125.0,125.0
2014-01-29,222,2994,0.99,2014,1,29,2,0,138.57142857142858,86.0
2014-01-30,272,2723,0.99,2014,1,30,3,0,163.71428571428572,222.0
2014-01-31,209,2514,0.99,2014,1,31,4,0,182.85714285714286,272.0
2014-02-01,369,2145,0.99,2014,2,1,5,1,207.28571428571428,209.0
2014-02-02,217,1928,0.99,2014,2,2,6,1,214.28571428571428,369.0
2014-02-03,97,1831,0.99,2014,2,3,0,0,210.28571428571428,217.0
2014-02-04,117,1714,0.99,2014,2,4,1,0,214.71428571428572,97.0
2014-02-05,100,1998,1.29,2014,2,5,2,0,197.28571428571428,117.0
2014-02-06,64,2126,1.29,2014,2,6,3,0,167.57142857142858,100.0
2014-02-07,35,2091,1.29,2014,2,7,4,0,142.71428571428572,64.0
2014-02-08,54,2037,1.29,2014,2,8,5,1,97.71428571428571,35.0
2014-02-09,55,1982,1.29,2014,2,9,6,1,74.57142857142857,54.0
2014-02-12,8,7228,1.29,2014,2,12,2,0,61.857142857142854,55.0
2014-02-13,43,7185,1.09,2014,2,13,3,0,51.285714285714285,8.0
2014-02-14,107,7078,1.09,2014,2,14,4,0,52.285714285714285,43.0
2014-02-15,116,6962,1.09,2014,2,15,5,1,59.714285714285715,107.0
2014-02-16,87,6875,1.09,2014,2,16,6,1,67.14285714285714,116.0
2014-02-17,66,6809,1.09,2014,2,17,0,0,68.85714285714286,87.0
2014-02-18,44,6765,1.09,2014,2,18,1,0,67.28571428571429,66.0
2014-02-19,33,6731,1.09,2014,2,19,2,0,70.85714285714286,44.0
2014-02-20,13,6718,1.09,2014,2,20,3,0,66.57142857142857,33.0
2014-02-21,53,6665,1.09,2014,2,21,4,0,58.857142857142854,13.0
2014-02-22,72,6593,1.09,2014,2,22,5,1,52.57142857142857,53.0
2014-02-23,50,6543,1.09,2014,2,23,6,1,47.285714285714285,72.0
2014-02-24,15,6528,1.09,2014,2,24,0,0,40.0,50.0
2014-02-25,12,6516,1.09,2014,2,25,1,0,35.42857142857143,15.0
2014-02-26,71,6445,1.09,2014,2,26,2,0,40.857142857142854,12.0
2014-02-27,37,6412,1.09,2014,2,27,3,0,44.285714285714285,71.0
2014-02-28,83,6329,1.09,2014,2,28,4,0,48.57142857142857,37.0
2014-03-01,94,6237,1.09,2014,3,1,5,1,51.714285714285715,83.0
2014-03-02,59,6178,1.09,2014,3,2,6,1,53.0,94.0
2014-03-03,49,6129,1.09,2014,3,3,0,0,57.857142857142854,59.0
2014-03-05,65,6012,1.09,2014,3,5,2,0,65.42857142857143,49.0
2014-03-06,55,5957,1.09,2014,3,6,3,0,63.142857142857146,65.0
2014-03-07,77,5880,1.09,2014,3,7,4,0,68.85714285714286,55.0
2014-03-08,122,5755,1.09,2014,3,8,5,1,74.42857142857143,77.0
2014-03-09,83,5672,1.09,2014,3,9,6,1,72.85714285714286,122.0
2014-03-10,75,5597,1.09,2014,3,10,0,0,75.14285714285714,83.0
2014-03-11,48,5549,1.09,2014,3,11,1,0,75.0,75.0
2014-03-12,45,5504,1.29,2014,3,12,2,0,72.14285714285714,48.0
2014-03-13,78,4659,1.29,2014,3,13,3,0,75.42857142857143,45.0
2014-03-14,122,4537,1.29,2014,3,14,4,0,81.85714285714286,78.0
2014-03-16,116,4274,1.29,2014,3,16,6,1,81.0,122.0
2014-03-17,48,4228,1.29,2014,3,17,0,0,76.0,116.0
2014-03-18,29,4199,1.29,2014,3,18,1,0,69.42857142857143,48.0
2014-03-19,91,4107,1.29,2014,3,19,2,0,75.57142857142857,29.0
2014-03-20,59,4048,1.29,2014,3,20,3,0,77.57142857142857,91.0
2014-03-21,68,3980,1.29,2014,3,21,4,0,76.14285714285714,59.0
2014-03-22,137,3843,1.28,2014,3,22,5,1,78.28571428571429,68.0
2014-03-23,56,3787,1.29,2014,3,23,6,1,69.71428571428571,137.0
2014-03-24,13,3774,1.29,2014,3,24,0,0,64.71428571428571,56.0
2014-03-25,45,3729,1.29,2014,3,25,1,0,67.0,13.0
2014-03-26,25,3704,1.29,2014,3,26,2,0,57.57142857142857,45.0
2014-03-27,25,3679,1.29,2014,3,27,3,0,52.714285714285715,25.0
2014-03-28,174,3505,1.19,2014,3,28,4,0,67.85714285714286,25.0
2014-03-29,138,3367,1.09,2014,3,29,5,1,68.0,174.0
2014-03-30,64,3303,1.09,2014,3,30,6,1,69.14285714285714,138.0
2014-03-31,77,3226,1.09,2014,3,31,0,0,78.28571428571429,64.0
2014-04-01,62,3164,1.09,2014,4,1,1,0,80.71428571428571,77.0
2014-04-02,119,3045,1.09,2014,4,2,2,0,94.14285714285714,62.0
2014-04-03,89,2956,1.09,2014,4,3,3,0,103.28571428571429,119.0
2014-04-04,133,2823,1.09,2014,4,4,4,0,97.42857142857143,89.0
2014-04-05,180,2643,1.09,2014,4,5,5,1,103.42857142857143,133.0
2014-04-06,121,2522,1.09,2014,4,6,6,1,111.57142857142857,180.0
2014-04-07,72,2450,1.09,2014,4,7,0,0,110.85714285714286,121.0
2014-04-08,91,2359,1.09,2014,4,8,1,0,115.0,72.0
2014-04-09,53,2306,1.09,2014,4,9,2,0,105.57142857142857,91.0
2014-04-10,47,2259,1.09,2014,4,10,3,0,99.57142857142857,53.0
2014-04-11,42,2217,1.09,2014,4,11,4,0,86.57142857142857,47.0
2014-04-12,124,2092,1.09,2014,4,12,5,1,78.57142857142857,42.0
2014-04-13,97,1995,1.09,2014,4,13,6,1,75.14285714285714,124.0
2014-04-14,119,1875,1.09,2014,4,14,0,0,81.85714285714286,97.0
2014-04-15,34,1841,1.29,2014,4,15,1,0,73.71428571428571,119.0
2014-04-16,18,1823,1.29,2014,4,16,2,0,68.71428571428571,34.0
2014-04-17,24,1799,1.29,2014,4,17,3,0,65.42857142857143,18.0
2014-04-18,57,1742,1.29,2014,4,18,4,0,67.57142857142857,24.0
2014-04-19,61,1681,1.29,2014,4,19,5,1,58.57142857142857,57.0
2014-04-20,30,1651,1.29,2014,4,20,6,1,49.0,61.0
2014-04-21,96,1554,1.29,2014,4,21,0,0,45.714285714285715,30.0
2014-04-22,0,1525,1.29,2014,4,22,1,0,40.857142857142854,96.0
2014-04-23,37,1488,1.29,2014,4,23,2,0,43.57142857142857,0.0
2014-04-24,30,1458,1.29,2014,4,24,3,0,44.42857142857143,37.0
2014-04-25,38,1420,1.29,2014,4,25,4,0,41.714285714285715,30.0
2014-04-26,88,1332,1.29,2014,4,26,5,1,45.57142857142857,38.0
2014-04-27,64,1268,1.29,2014,4,27,6,1,50.42857142857143,88.0
2014-04-28,13,1255,1.29,2014,4,28,0,0,38.57142857142857,64.0
2014-04-29,20,1255,1.29,2014,4,29,1,0,41.42857142857143,13.0
2014-04-30,31,1457,1.29,2014,4,30,2,0,40.57142857142857,20.0
2014-05-01,129,1263,1.29,2014,5,1,3,0,54.714285714285715,31.0
2014-05-02,94,1169,1.29,2014,5,2,4,0,62.714285714285715,129.0
2014-05-03,129,1904,1.29,2014,5,3,5,1,68.57142857142857,94.0
2014-05-04,126,1778,1.29,2014,5,4,6,1,77.42857142857143,129.0
2014-05-05,70,1708,1.29,2014,5,5,0,0,85.57142857142857,126.0
2014-05-06,48,1708,1.29,2014,5,6,1,0,89.57142857142857,70.0
2014-05-07,123,2044,1.29,2014,5,7,2,0,102.71428571428571,48.0
2014-05-08,87,1930,1.29,2014,5,8,3,0,96.71428571428571,123.0
2014-05-09,65,1961,1.29,2014,5,9,4,0,92.57142857142857,87.0
2014-05-10,102,1859,1.29,2014,5,10,5,1,88.71428571428571,65.0
2014-05-11,78,1781,1.29,2014,5,11,6,1,81.85714285714286,102.0
2014-05-12,49,1828,1.29,2014,5,12,0,0,78.85714285714286,78.0
2014-05-13,0,1800,1.29,2014,5,13,1,0,72.0,49.0
2014-05-14,68,1687,1.09,2014,5,14,2,0,64.14285714285714,0.0
2014-05-15,102,1969,1.09,2014,5,15,3,0,66.28571428571429,68.0
2014-05-16,88,1977,1.09,2014,5,16,4,0,69.57142857142857,102.0
2014-05-17,170,1807,1.09,2014,5,17,5,1,79.28571428571429,88.0
2014-05-18,152,1655,1.09,2014,5,18,6,1,89.85714285714286,170.0
2014-05-19,90,1661,1.09,2014,5,19,0,0,95.71428571428571,152.0
2014-05-20,101,1751,1.09,2014,5,20,1,0,110.14285714285714,90.0
2014-05-21,71,1680,1.43,2014,5,21,2,0,110.57142857142857,101.0
2014-05-22,48,2016,1.49,2014,5,22,3,0,102.85714285714286,71.0
2014-05-23,40,1976,1.49,2014,5,23,4,0,96.0,48.0
2014-05-24,93,1883,1.49,2014,5,24,5,1,85.0,40.0
2014-05-25,45,1838,1.49,2014,5,25,6,1,69.71428571428571,93.0
2014-05-26,58,1876,1.49,2014,5,26,0,0,65.14285714285714,45.0
2014-05-27,53,1919,1.49,2014,5,27,1,0,58.285714285714285,58.0
2014-05-28,42,3317,1.49,2014,5,28,2,0,54.142857142857146,53.0
2014-05-29,52,3841,1.49,2014,5,29,3,0,54.714285714285715,42.0
2014-05-30,29,3811,1.99,2014,5,30,4,0,53.142857142857146,52.0
2014-05-31,91,3720,1.99,2014,5,31,5,1,52.857142857142854,29.0
2014-06-01,75,3645,1.99,2014,6,1,6,1,57.142857142857146,91.0
2014-06-02,75,3570,1.99,2014,6,2,0,0,59.57142857142857,75.0
2014-06-03,179,3391,1.19,2014,6,3,1,0,77.57142857142857,75.0
2014-06-04,252,3140,1.19,2014,6,4,2,0,107.57142857142857,179.0
2014-06-05,202,2938,1.19,2014,6,5,3,0,129.0,252.0
2014-06-06,161,2777,1.19,2014,6,6,4,0,147.85714285714286,202.0
2014-06-07,331,2446,1.19,2014,6,7,5,1,182.14285714285714,161.0
2014-06-08,271,2175,1.19,2014,6,8,6,1,210.14285714285714,331.0
2014-06-09,146,1949,1.19,2014,6,9,0,0,220.28571428571428,271.0
2014-06-10,2,1946,1.19,2014,6,10,1,0,195.0,146.0
2014-06-11,2,2136,1.19,2014,6,11,2,0,159.28571428571428,2.0
2014-06-12,0,2136,0.0,2014,6,12,3,0,130.42857142857142,2.0
2014-06-13,0,2328,1.49,2014,6,13,4,0,107.42857142857143,0.0
2014-06-14,0,2328,1.49,2014,6,14,5,1,60.142857142857146,0.0
2014-06-15,13,2315,1.49,2014,6,15,6,1,23.285714285714285,0.0
2014-06-16,30,2285,1.49,2014,6,16,0,0,6.714285714285714,13.0
2014-06-17,34,2251,1.49,2014,6,17,1,0,11.285714285714286,30.0
2014-06-18,8,2243,1.49,2014,6,18,2,0,12.142857142857142,34.0
2014-06-19,67,2176,1.29,2014,6,19,3,0,21.714285714285715,8.0
2014-06-20,41,2135,1.29,2014,6,20,4,0,27.571428571428573,67.0
2014-06-21,89,2046,1.29,2014,6,21,5,1,40.285714285714285,41.0
2014-06-22,49,1997,1.29,2014,6,22,6,1,45.42857142857143,89.0
2014-06-23,62,2031,1.29,2014,6,23,0,0,50.0,49.0
2014-06-24,81,2046,1.29,2014,6,24,1,0,56.714285714285715,62.0
2014-06-25,42,2004,1.29,2014,6,25,2,0,61.57142857142857,81.0
2014-06-26,63,2037,1.29,2014,6,26,3,0,61.0,42.0
2014-06-27,107,1930,1.18,2014,6,27,4,0,70.42857142857143,63.0
2014-06-28,83,1847,1.19,2014,6,28,5,1,69.57142857142857,107.0
2014-06-29,102,1745,1.19,2014,6,29,6,1,77.14285714285714,83.0
2014-06-30,62,1779,1.29,2014,6,30,0,0,77.14285714285714,102.0
2014-07-01,29,1750,1.29,2014,7,1,1,0,69.71428571428571,62.0
2014-07-02,63,1687,1.29,2014,7,2,2,0,72.71428571428571,29.0
2014-07-03,97,1590,1.29,2014,7,3,3,0,77.57142857142857,63.0
2014-07-04,136,1454,1.29,2014,7,4,4,0,81.71428571428571,97.0
2014-07-05,335,1119,1.29,2014,7,5,5,1,117.71428571428571,136.0
2014-07-06,299,820,1.29,2014,7,6,6,1,145.85714285714286,335.0
2014-07-07,5,814,1.29,2014,7,7,0,0,137.71428571428572,299.0
2014-07-08,2,812,1.29,2014,7,8,1,0,133.85714285714286,5.0
2014-07-09,9,803,1.29,2014,7,9,2,0,126.14285714285714,2.0
2014-07-10,9,794,1.29,2014,7,10,3,0,113.57142857142857,9.0
2014-07-11,0,794,1.29,2014,7,11,4,0,94.14285714285714,9.0
2014-07-12,0,794,1.29,2014,7,12,5,1,46.285714285714285,0.0
2014-07-13,0,794,1.29,2014,7,13,6,1,3.5714285714285716,0.0
2014-07-14,0,794,1.29,2014,7,14,0,0,2.857142857142857,0.0
2014-07-15,0,794,0.0,2014,7,15,1,0,2.5714285714285716,0.0
2014-07-16,0,794,0.0,2014,7,16,2,0,1.2857142857142858,0.0
2014-07-17,0,794,0.0,2014,7,17,3,0,0.0,0.0
2014-07-18,0,794,0.0,2014,7,18,4,0,0.0,0.0
2014-07-19,0,794,1.49,2014,7,19,5,1,0.0,0.0
2014-07-20,0,794,1.49,2014,7,20,6,1,0.0,0.0
2014-07-21,0,794,1.49,2014,7,21,0,0,0.0,0.0
2014-07-22,2,792,1.49,2014,7,22,1,0,0.2857142857142857,0.0
2014-07-23,0,792,1.49,2014,7,23,2,0,0.2857142857142857,2.0
2014-07-24,0,888,1.49,2014,7,24,3,0,0.2857142857142857,0.0
2014-07-25,15,873,1.49,2014,7,25,4,0,2.4285714285714284,0.0
2014-07-26,9,864,1.49,2014,7,26,5,1,3.7142857142857144,15.0
2014-07-27,13,851,1.49,2014,7,27,6,1,5.571428571428571,9.0
2014-07-28,15,1220,1.22,2014,7,28,0,0,7.714285714285714,13.0
2014-07-29,26,1207,2.98,2014,7,29,1,0,11.142857142857142,15.0
2014-07-30,16,1191,1.55,2014,7,30,2,0,13.428571428571429,26.0
2014-07-31,51,1140,1.55,2014,7,31,3,0,20.714285714285715,16.0
2014-08-01,47,1093,1.55,2014,8,1,4,0,25.285714285714285,51.0
2014-08-02,56,1037,1.55,2014,8,2,5,1,32.0,47.0
2014-08-03,45,992,1.55,2014,8,3,6,1,36.57142857142857,56.0
2014-08-04,40,952,1.55,2014,8,4,0,0,40.142857142857146,45.0
2014-08-05,17,935,1.55,2014,8,5,1,0,38.857142857142854,40.0
2014-08-06,103,832,1.29,2014,8,6,2,0,51.285714285714285,17.0
2014-08-07,72,760,1.29,2014,8,7,3,0,54.285714285714285,103.0
2014-08-08,56,704,1.29,2014,8,8,4,0,55.57142857142857,72.0
2014-08-09,0,704,1.29,2014,8,9,5,1,47.57142857142857,56.0
2014-08-10,1,703,1.29,2014,8,10,6,1,41.285714285714285,0.0
2014-08-11,0,703,1.29,2014,8,11,0,0,35.57142857142857,1.0
2014-08-12,0,703,1.29,2014,8,12,1,0,33.142857142857146,0.0
2014-08-13,0,703,1.29,2014,8,13,2,0,18.428571428571427,0.0
2014-08-14,0,703,1.29,2014,8,14,3,0,8.142857142857142,0.0
2014-08-15,0,703,1.55,2014,8,15,4,0,0.14285714285714285,0.0
2014-08-16,0,703,1.55,2014,8,16,5,1,0.14285714285714285,0.0
2014-08-17,0,703,1.55,2014,8,17,6,1,0.0,0.0
2014-08-18,0,2143,1.55,2014,8,18,0,0,0.0,0.0
2014-08-19,0,2143,1.55,2014,8,19,1,0,0.0,0.0
2014-08-20,68,2075,1.55,2014,8,20,2,0,9.714285714285714,0.0
2014-08-21,169,1908,1.19,2014,8,21,3,0,33.857142857142854,68.0
2014-08-22,213,1695,1.19,2014,8,22,4,0,64.28571428571429,169.0
2014-08-23,338,1356,1.19,2014,8,23,5,1,112.57142857142857,213.0
2014-08-24,129,1227,1.19,2014,8,24,6,1,131.0,338.0
2014-08-26,13,1271,1.19,2014,8,26,1,0,132.85714285714286,129.0
2014-08-27,85,1186,1.19,2014,8,27,2,0,145.0,13.0
2014-08-28,0,1186,0.0,2014,8,28,3,0,135.28571428571428,85.0
2014-08-29,0,1186,1.29,2014,8,29,4,0,111.14285714285714,0.0
2014-08-30,0,1186,1.29,2014,8,30,5,1,80.71428571428571,0.0
2014-08-31,0,1186,1.29,2014,8,31,6,1,32.42857142857143,0.0
2014-09-01,0,1474,1.29,2014,9,1,0,0,14.0,0.0
2014-09-02,0,1474,1.29,2014,9,2,1,0,12.142857142857142,0.0
2014-09-03,0,1474,1.29,2014,9,3,2,0,0.0,0.0
2014-09-04,0,1474,1.29,2014,9,4,3,0,0.0,0.0
2014-09-05,0,2146,1.29,2014,9,5,4,0,0.0,0.0
2014-09-06,0,2146,1.29,2014,9,6,5,1,0.0,0.0
2014-09-07,0,2146,1.29,2014,9,7,6,1,0.0,0.0
2014-09-08,64,2082,1.29,2014,9,8,0,0,9.142857142857142,0.0
2014-09-09,154,1928,1.29,2014,9,9,1,0,31.142857142857142,64.0
2014-09-10,143,1785,1.29,2014,9,10,2,0,51.57142857142857,154.0
2014-09-11,96,1689,1.29,2014,9,11,3,0,65.28571428571429,143.0
2014-09-12,140,1549,1.29,2014,9,12,4,0,85.28571428571429,96.0
2014-09-13,67,1484,1.29,2014,9,13,5,1,94.85714285714286,140.0
2014-09-14,3,1481,1.29,2014,9,14,6,1,95.28571428571429,67.0
2014-09-15,71,1410,1.29,2014,9,15,0,0,96.28571428571429,3.0
2014-09-16,58,1352,1.29,2014,9,16,1,0,82.57142857142857,71.0
2014-09-17,62,1962,1.29,2014,9,17,2,0,71.0,58.0
2014-09-18,62,1996,1.29,2014,9,18,3,0,66.14285714285714,62.0
2014-09-19,62,2126,1.29,2014,9,19,4,0,55.0,62.0
2014-09-20,168,2532,1.29,2014,9,20,5,1,69.42857142857143,62.0
2014-09-21,99,2433,1.29,2014,9,21,6,1,83.14285714285714,168.0
2014-09-22,39,2394,1.29,2014,9,22,0,0,78.57142857142857,99.0
2014-09-23,64,2285,1.29,2014,9,23,1,0,79.42857142857143,39.0
2014-09-24,117,2168,1.29,2014,9,24,2,0,87.28571428571429,64.0
2014-09-25,104,2064,1.29,2014,9,25,3,0,93.28571428571429,117.0
2014-09-26,108,1956,1.29,2014,9,26,4,0,99.85714285714286,104.0
2014-09-27,234,1014,1.29,2014,9,27,5,1,109.28571428571429,108.0
2014-09-28,97,917,1.29,2014,9,28,6,1,109.0,234.0
2014-09-29,85,832,1.29,2014,9,29,0,0,115.57142857142857,97.0
2014-09-30,88,1896,1.29,2014,9,30,1,0,119.0,85.0
2014-10-01,190,1801,1.29,2014,10,1,2,0,129.42857142857142,88.0
2014-10-02,163,1637,1.29,2014,10,2,3,0,137.85714285714286,190.0
2014-10-03,90,1835,1.29,2014,10,3,4,0,135.28571428571428,163.0
2014-10-04,105,1730,1.29,2014,10,4,5,1,116.85714285714286,90.0
2014-10-05,47,1683,1.29,2014,10,5,6,1,109.71428571428571,105.0
2014-10-06,66,2097,1.29,2014,10,6,0,0,107.0,47.0
2014-10-07,84,2109,1.29,2014,10,7,1,0,106.42857142857143,66.0
2014-10-08,80,2028,1.29,2014,10,8,2,0,90.71428571428571,84.0
2014-10-09,97,1934,1.29,2014,10,9,3,0,81.28571428571429,80.0
2014-10-10,64,2254,1.29,2014,10,10,4,0,77.57142857142857,97.0
2014-10-11,128,2126,1.29,2014,10,11,5,1,80.85714285714286,64.0
2014-10-12,85,2041,1.29,2014,10,12,6,1,86.28571428571429,128.0
2014-10-13,50,2087,1.29,2014,10,13,0,0,84.0,85.0
2014-10-14,91,1996,1.29,2014,10,14,1,0,85.0,50.0
2014-10-15,93,1903,1.29,2014,10,15,2,0,86.85714285714286,91.0
2014-10-16,50,1852,1.29,2014,10,16,3,0,80.14285714285714,93.0
2014-10-17,85,2246,1.29,2014,10,17,4,0,83.14285714285714,50.0
2014-10-18,129,2117,1.29,2014,10,18,5,1,83.28571428571429,85.0
2014-10-19,119,1998,1.29,2014,10,19,6,1,88.14285714285714,129.0
2014-10-20,45,2049,1.29,2014,10,20,0,0,87.42857142857143,119.0
2014-10-21,78,2067,1.29,2014,10,21,1,0,85.57142857142857,45.0
2014-10-22,90,1977,1.29,2014,10,22,2,0,85.14285714285714,78.0
2014-10-23,78,1899,1.29,2014,10,23,3,0,89.14285714285714,90.0
2014-10-24,62,1837,1.29,2014,10,24,4,0,85.85714285714286,78.0
2014-10-25,97,1740,1.29,2014,10,25,5,1,81.28571428571429,62.0
2014-10-26,111,1629,1.29,2014,10,26,6,1,80.14285714285714,97.0
2014-10-27,55,1574,1.29,2014,10,27,0,0,81.57142857142857,111.0
2014-10-28,60,1510,1.29,2014,10,28,1,0,79.0,55.0
2014-10-29,61,1449,1.29,2014,10,29,2,0,74.85714285714286,60.0
2014-10-30,81,1368,1.49,2014,10,30,3,0,75.28571428571429,61.0
2014-10-31,131,1237,1.49,2014,10,31,4,0,85.14285714285714,81.0
2014-11-01,160,1077,1.49,2014,11,1,5,1,94.14285714285714,131.0
2014-11-02,131,946,1.49,2014,11,2,6,1,97.0,160.0
2014-11-03,43,903,1.49,2014,11,3,0,0,95.28571428571429,131.0
2014-11-04,34,869,1.49,2014,11,4,1,0,91.57142857142857,43.0
2014-11-05,33,836,1.49,2014,11,5,2,0,87.57142857142857,34.0
2014-11-06,37,799,1.49,2014,11,6,3,0,81.28571428571429,33.0
2014-11-07,82,717,1.49,2014,11,7,4,0,74.28571428571429,37.0
2014-11-08,542,175,1.49,2014,11,8,5,1,128.85714285714286,82.0
2014-11-09,239,0,1.49,2014,11,9,6,1,144.28571428571428,542.0
2014-11-10,51,0,1.49,2014,11,10,0,0,145.42857142857142,239.0
2014-11-11,51,80,1.49,2014,11,11,1,0,147.85714285714286,51.0
2014-11-12,41,34,1.49,2014,11,12,2,0,149.0,51.0
2014-11-13,1,33,1.49,2014,11,13,3,0,143.85714285714286,41.0
2014-11-14,0,33,1.49,2014,11,14,4,0,132.14285714285714,1.0
2014-11-15,1,32,1.49,2014,11,15,5,1,54.857142857142854,0.0
2014-11-16,0,32,1.49,2014,11,16,6,1,20.714285714285715,1.0
2014-11-17,0,32,1.49,2014,11,17,0,0,13.428571428571429,0.0
2014-11-18,7,25,1.49,2014,11,18,1,0,7.142857142857143,0.0
2014-11-19,1,24,1.49,2014,11,19,2,0,1.4285714285714286,7.0
2014-11-20,4,20,1.29,2014,11,20,3,0,1.8571428571428572,1.0
2014-11-21,1,19,1.29,2014,11,21,4,0,2.0,4.0
2014-11-22,1,18,1.29,2014,11,22,5,1,2.0,1.0
2014-11-23,2,16,1.29,2014,11,23,6,1,2.2857142857142856,1.0
2014-11-24,0,16,1.29,2014,11,24,0,0,2.2857142857142856,2.0
2014-11-25,0,16,1.29,2014,11,25,1,0,1.2857142857142858,0.0
2014-11-26,0,16,1.29,2014,11,26,2,0,1.1428571428571428,0.0
2014-11-27,0,16,1.29,2014,11,27,3,0,0.5714285714285714,0.0
2014-11-28,0,16,1.29,2014,11,28,4,0,0.42857142857142855,0.0
2014-11-29,0,16,1.29,2014,11,29,5,1,0.2857142857142857,0.0
2014-11-30,0,16,1.29,2014,11,30,6,1,0.0,0.0
2014-12-01,0,16,1.29,2014,12,1,0,0,0.0,0.0
2014-12-02,0,16,1.29,2014,12,2,1,0,0.0,0.0
2014-12-03,0,16,1.29,2014,12,3,2,0,0.0,0.0
2014-12-04,0,16,1.29,2014,12,4,3,0,0.0,0.0
2014-12-05,0,16,1.49,2014,12,5,4,0,0.0,0.0
2014-12-06,0,16,1.49,2014,12,6,5,1,0.0,0.0
2014-12-07,0,16,1.49,2014,12,7,6,1,0.0,0.0
2014-12-08,0,16,1.49,2014,12,8,0,0,0.0,0.0
2014-12-09,0,16,1.49,2014,12,9,1,0,0.0,0.0
2014-12-10,0,16,1.49,2014,12,10,2,0,0.0,0.0
2014-12-11,0,16,1.49,2014,12,11,3,0,0.0,0.0
2014-12-12,0,16,1.49,2014,12,12,4,0,0.0,0.0
2014-12-13,0,16,1.49,2014,12,13,5,1,0.0,0.0
2014-12-14,0,16,1.49,2014,12,14,6,1,0.0,0.0
2014-12-15,0,688,1.49,2014,12,15,0,0,0.0,0.0
2014-12-16,49,735,1.49,2014,12,16,1,0,7.0,0.0
2014-12-17,157,578,1.29,2014,12,17,2,0,29.428571428571427,49.0
2014-12-18,193,385,1.29,2014,12,18,3,0,57.0,157.0
2014-12-19,94,291,1.29,2014,12,19,4,0,70.42857142857143,193.0
2014-12-20,135,156,1.29,2014,12,20,5,1,89.71428571428571,94.0
2014-12-21,118,38,1.29,2014,12,21,6,1,106.57142857142857,135.0
2014-12-22,18,116,1.29,2014,12,22,0,0,109.14285714285714,118.0
2014-12-23,0,116,1.29,2014,12,23,1,0,102.14285714285714,18.0
2014-12-24,14,102,1.29,2014,12,24,2,0,81.71428571428571,0.0
2014-12-25,0,102,1.29,2014,12,25,3,0,54.142857142857146,14.0
2014-12-26,20,82,1.29,2014,12,26,4,0,43.57142857142857,0.0
2014-12-27,42,328,1.29,2014,12,27,5,1,30.285714285714285,20.0
2014-12-28,45,283,1.29,2014,12,28,6,1,19.857142857142858,42.0
2014-12-29,55,612,1.29,2014,12,29,0,0,25.142857142857142,45.0
2014-12-30,59,553,1.29,2014,12,30,1,0,33.57142857142857,55.0
2014-12-31,11,542,1.29,2014,12,31,2,0,33.142857142857146,59.0
2015-01-01,0,542,1.29,2015,1,1,3,0,33.142857142857146,11.0
2015-01-02,77,561,1.29,2015,1,2,4,0,41.285714285714285,0.0
2015-01-03,60,2229,1.29,2015,1,3,5,1,43.857142857142854,77.0
2015-01-04,1,2228,1.29,2015,1,4,6,1,37.57142857142857,60.0
2015-01-05,69,2351,1.29,2015,1,5,0,0,39.57142857142857,1.0
2015-01-06,98,2253,1.29,2015,1,6,1,0,45.142857142857146,69.0
2015-01-07,119,2134,1.29,2015,1,7,2,0,60.57142857142857,98.0
2015-01-08,93,2137,1.29,2015,1,8,3,0,73.85714285714286,119.0
2015-01-09,92,2045,1.29,2015,1,9,4,0,76.0,93.0
2015-01-10,112,1933,1.29,2015,1,10,5,1,83.42857142857143,92.0
2015-01-11,96,1837,1.29,2015,1,11,6,1,97.0,112.0
2015-01-12,93,1744,1.29,2015,1,12,0,0,100.42857142857143,96.0
2015-01-13,65,1679,1.29,2015,1,13,1,0,95.71428571428571,93.0
2015-01-14,100,1581,1.29,2015,1,14,2,0,93.0,65.0
2015-01-15,51,1530,1.49,2015,1,15,3,0,87.0,100.0
2015-01-16,55,1475,1.49,2015,1,16,4,0,81.71428571428571,51.0
2015-01-17,71,1403,1.49,2015,1,17,5,1,75.85714285714286,55.0
2015-01-18,57,1346,1.49,2015,1,18,6,1,70.28571428571429,71.0
2015-01-19,34,1312,1.49,2015,1,19,0,0,61.857142857142854,57.0
2015-01-20,47,1265,1.49,2015,1,20,1,0,59.285714285714285,34.0
2015-01-21,88,1177,1.29,2015,1,21,2,0,57.57142857142857,47.0
2015-01-22,51,1126,1.29,2015,1,22,3,0,57.57142857142857,88.0
2015-01-23,49,1076,1.29,2015,1,23,4,0,56.714285714285715,51.0
2015-01-24,110,966,1.29,2015,1,24,5,1,62.285714285714285,49.0
2015-01-25,30,936,1.29,2015,1,25,6,1,58.42857142857143,110.0
2015-01-26,59,877,1.29,2015,1,26,0,0,62.0,30.0
2015-01-27,97,780,1.29,2015,1,27,1,0,69.14285714285714,59.0
2015-01-28,155,625,1.29,2015,1,28,2,0,78.71428571428571,97.0
2015-01-29,125,500,1.29,2015,1,29,3,0,89.28571428571429,155.0
2015-01-30,100,496,1.29,2015,1,30,4,0,96.57142857142857,125.0
2015-01-31,211,285,1.29,2015,1,31,5,1,111.0,100.0
2015-02-01,88,197,1.29,2015,2,1,6,1,119.28571428571429,211.0
2015-02-02,114,467,1.29,2015,2,2,0,0,127.14285714285714,88.0
2015-02-03,89,570,1.29,2015,2,3,1,0,126.0,114.0
2015-02-04,118,548,1.29,2015,2,4,2,0,120.71428571428571,89.0
2015-02-05,84,1136,1.29,2015,2,5,3,0,114.85714285714286,118.0
2015-02-06,125,1299,1.29,2015,2,6,4,0,118.42857142857143,84.0
2015-02-07,184,1211,1.04,2015,2,7,5,1,114.57142857142857,125.0
2015-02-08,107,1104,1.29,2015,2,8,6,1,117.28571428571429,184.0
2015-02-09,70,1033,1.29,2015,2,9,0,0,111.0,107.0
2015-02-10,66,1063,1.29,2015,2,10,1,0,107.71428571428571,70.0
2015-02-11,89,974,1.29,2015,2,11,2,0,103.57142857142857,66.0
2015-02-12,50,1116,2.84,2015,2,12,3,0,98.71428571428571,89.0
2015-02-13,20,1096,2.89,2015,2,13,4,0,83.71428571428571,50.0
2015-02-14,77,1019,2.89,2015,2,14,5,1,68.42857142857143,20.0
2015-02-15,33,986,2.89,2015,2,15,6,1,57.857142857142854,77.0
2015-02-16,47,1035,2.89,2015,2,16,0,0,54.57142857142857,33.0
2015-02-17,35,1000,2.89,2015,2,17,1,0,50.142857142857146,47.0
2015-02-18,60,1228,2.89,2015,2,18,2,0,46.0,35.0
2015-02-19,31,1197,2.89,2015,2,19,3,0,43.285714285714285,60.0
2015-02-20,35,1162,2.89,2015,2,20,4,0,45.42857142857143,31.0
2015-02-21,80,1082,2.87,2015,2,21,5,1,45.857142857142854,35.0
2015-02-22,42,1039,2.89,2015,2,22,6,1,47.142857142857146,80.0
2015-02-23,23,1016,2.89,2015,2,23,0,0,43.714285714285715,42.0
2015-02-24,19,997,2.89,2015,2,24,1,0,41.42857142857143,23.0
2015-02-25,18,1075,2.89,2015,2,25,2,0,35.42857142857143,19.0
2015-02-26,37,1134,2.89,2015,2,26,3,0,36.285714285714285,18.0
2015-02-27,50,1084,2.89,2015,2,27,4,0,38.42857142857143,37.0
2015-02-28,127,957,2.89,2015,2,28,5,1,45.142857142857146,50.0
2015-03-01,123,834,2.89,2015,3,1,6,1,56.714285714285715,127.0
2015-03-02,44,789,2.89,2015,3,2,0,0,59.714285714285715,123.0
2015-03-03,22,767,2.89,2015,3,3,1,0,60.142857142857146,44.0
2015-03-04,31,736,2.89,2015,3,4,2,0,62.0,22.0
2015-03-05,22,714,2.89,2015,3,5,3,0,59.857142857142854,31.0
2015-03-06,40,674,2.89,2015,3,6,4,0,58.42857142857143,22.0
2015-03-07,62,612,2.89,2015,3,7,5,1,49.142857142857146,40.0
2015-03-08,59,553,2.89,2015,3,8,6,1,40.0,62.0
2015-03-09,28,525,2.89,2015,3,9,0,0,37.714285714285715,59.0
2015-03-10,68,458,1.49,2015,3,10,1,0,44.285714285714285,28.0
2015-03-11,73,385,1.49,2015,3,11,2,0,50.285714285714285,68.0
2015-03-12,87,298,1.49,2015,3,12,3,0,59.57142857142857,73.0
2015-03-13,175,1878,1.29,2015,3,13,4,0,78.85714285714286,87.0
2015-03-14,300,1575,1.29,2015,3,14,5,1,112.85714285714286,175.0
2015-03-15,196,1379,1.29,2015,3,15,6,1,132.42857142857142,300.0
2015-03-16,123,1256,1.29,2015,3,16,0,0,146.0,196.0
2015-03-17,168,1088,1.29,2015,3,17,1,0,160.28571428571428,123.0
2015-03-18,209,1263,1.29,2015,3,18,2,0,179.71428571428572,168.0
2015-03-19,188,1075,1.29,2015,3,19,3,0,194.14285714285714,209.0
2015-03-20,219,856,1.29,2015,3,20,4,0,200.42857142857142,188.0
2015-03-21,381,475,1.29,2015,3,21,5,1,212.0,219.0
2015-03-22,158,317,1.29,2015,3,22,6,1,206.57142857142858,381.0
2015-03-23,12,304,1.49,2015,3,23,0,0,190.71428571428572,158.0
2015-03-24,8,296,1.29,2015,3,24,1,0,167.85714285714286,12.0
2015-03-25,10,286,1.29,2015,3,25,2,0,139.42857142857142,8.0
2015-03-26,88,774,1.29,2015,3,26,3,0,125.14285714285714,10.0
2015-03-27,196,770,1.29,2015,3,27,4,0,121.85714285714286,88.0
2015-03-28,206,660,1.29,2015,3,28,5,1,96.85714285714286,196.0
2015-03-29,83,577,1.29,2015,3,29,6,1,86.14285714285714,206.0
2015-03-30,0,673,1.49,2015,3,30,0,0,84.42857142857143,83.0
2015-03-31,0,673,1.49,2015,3,31,1,0,83.28571428571429,0.0
2015-04-01,27,646,1.49,2015,4,1,2,0,85.71428571428571,0.0
2015-04-02,27,1002,1.49,2015,4,2,3,0,77.0,27.0
2015-04-03,54,1044,1.49,2015,4,3,4,0,56.714285714285715,27.0
2015-04-04,136,908,1.49,2015,4,4,5,1,46.714285714285715,54.0
2015-04-05,55,853,1.49,2015,4,5,6,1,42.714285714285715,136.0
2015-04-06,22,831,1.49,2015,4,6,0,0,45.857142857142854,55.0
2015-04-07,30,801,1.49,2015,4,7,1,0,50.142857142857146,22.0
2015-04-08,30,771,1.49,2015,4,8,2,0,50.57142857142857,30.0
2015-04-09,30,930,1.49,2015,4,9,3,0,51.0,30.0
2015-04-10,44,1078,1.49,2015,4,10,4,0,49.57142857142857,30.0
2015-04-11,39,1423,1.49,2015,4,11,5,1,35.714285714285715,44.0
2015-04-12,57,1366,1.49,2015,4,12,6,1,36.0,39.0
2015-04-13,30,1336,1.49,2015,4,13,0,0,37.142857142857146,57.0
2015-04-14,47,1385,1.49,2015,4,14,1,0,39.57142857142857,30.0
2015-04-15,74,1311,1.49,2015,4,15,2,0,45.857142857142854,47.0
2015-04-16,114,1196,1.39,2015,4,16,3,0,57.857142857142854,74.0
2015-04-17,40,1156,1.39,2015,4,17,4,0,57.285714285714285,114.0
2015-04-18,62,1094,1.39,2015,4,18,5,1,60.57142857142857,40.0
2015-04-19,62,1032,1.39,2015,4,19,6,1,61.285714285714285,62.0
2015-04-20,135,897,1.39,2015,4,20,0,0,76.28571428571429,62.0
2015-04-21,175,722,1.39,2015,4,21,1,0,94.57142857142857,135.0
2015-04-22,82,736,1.39,2015,4,22,2,0,95.71428571428571,175.0
2015-04-23,62,674,1.4,2015,4,23,3,0,88.28571428571429,82.0
2015-04-24,88,586,1.4,2015,4,24,4,0,95.14285714285714,62.0
2015-04-25,152,434,1.4,2015,4,25,5,1,108.0,88.0
2015-04-26,64,370,1.4,2015,4,26,6,1,108.28571428571429,152.0
2015-04-27,67,591,1.4,2015,4,27,0,0,98.57142857142857,64.0
2015-04-28,73,806,1.39,2015,4,28,1,0,84.0,67.0
2015-04-29,130,676,1.39,2015,4,29,2,0,90.85714285714286,73.0
2015-04-30,115,657,1.39,2015,4,30,3,0,98.42857142857143,130.0
2015-05-01,260,397,1.39,2015,5,1,4,0,123.0,115.0
2015-05-02,228,169,1.39,2015,5,2,5,1,133.85714285714286,260.0
2015-05-03,120,49,1.39,2015,5,3,6,1,141.85714285714286,228.0
2015-05-04,31,18,1.39,2015,5,4,0,0,136.71428571428572,120.0
2015-05-05,0,18,1.39,2015,5,5,1,0,126.28571428571429,31.0
2015-05-06,3,15,1.39,2015,5,6,2,0,108.14285714285714,0.0
2015-05-07,0,15,1.39,2015,5,7,3,0,91.71428571428571,3.0
2015-05-08,0,15,1.39,2015,5,8,4,0,54.57142857142857,0.0
2015-05-09,0,15,0.0,2015,5,9,5,1,22.0,0.0
2015-05-10,0,15,1.49,2015,5,10,6,1,4.857142857142857,0.0
2015-05-11,1,14,1.49,2015,5,11,0,0,0.5714285714285714,0.0
2015-05-12,0,14,1.49,2015,5,12,1,0,0.5714285714285714,1.0
2015-05-13,1,13,1.49,2015,5,13,2,0,0.2857142857142857,0.0
2015-05-14,1,12,1.49,2015,5,14,3,0,0.42857142857142855,1.0
2015-05-15,1,10,1.49,2015,5,15,4,0,0.5714285714285714,1.0
2015-05-16,0,10,1.49,2015,5,16,5,1,0.5714285714285714,1.0
2015-05-17,0,10,1.49,2015,5,17,6,1,0.5714285714285714,0.0
2015-05-18,0,10,1.49,2015,5,18,0,0,0.42857142857142855,0.0
2015-05-19,1,9,1.49,2015,5,19,1,0,0.5714285714285714,0.0
2015-05-20,0,9,1.49,2015,5,20,2,0,0.42857142857142855,1.0
2015-05-21,0,9,1.49,2015,5,21,3,0,0.2857142857142857,0.0
2015-05-22,0,9,1.49,2015,5,22,4,0,0.14285714285714285,0.0
2015-05-23,0,9,1.49,2015,5,23,5,1,0.14285714285714285,0.0
2015-05-24,0,9,1.49,2015,5,24,6,1,0.14285714285714285,0.0
2015-05-25,0,9,1.39,2015,5,25,0,0,0.14285714285714285,0.0
2015-05-26,0,9,1.39,2015,5,26,1,0,0.0,0.0
2015-05-27,0,9,1.39,2015,5,27,2,0,0.0,0.0
2015-05-28,0,9,1.39,2015,5,28,3,0,0.0,0.0
2015-05-29,0,9,1.39,2015,5,29,4,0,0.0,0.0
2015-05-30,0,9,1.39,2015,5,30,5,1,0.0,0.0
2015-05-31,0,9,1.39,2015,5,31,6,1,0.0,0.0
2015-06-01,0,105,1.39,2015,6,1,0,0,0.0,0.0
2015-06-02,0,105,1.39,2015,6,2,1,0,0.0,0.0
2015-06-03,0,105,1.39,2015,6,3,2,0,0.0,0.0
2015-06-04,0,105,1.39,2015,6,4,3,0,0.0,0.0
2015-06-05,168,1377,1.39,2015,6,5,4,0,24.0,0.0
2015-06-06,201,1176,1.2,2015,6,6,5,1,52.714285714285715,168.0
2015-06-07,147,1029,1.19,2015,6,7,6,1,73.71428571428571,201.0
2015-06-08,119,910,1.19,2015,6,8,0,0,90.71428571428571,147.0
2015-06-09,122,788,1.19,2015,6,9,1,0,108.14285714285714,119.0
2015-06-10,149,639,1.19,2015,6,10,2,0,129.42857142857142,122.0
2015-06-11,111,720,1.19,2015,6,11,3,0,145.28571428571428,149.0
2015-06-12,95,721,1.19,2015,6,12,4,0,134.85714285714286,111.0
2015-06-13,237,675,1.19,2015,6,13,5,1,140.0,95.0
2015-06-14,110,565,1.19,2015,6,14,6,1,134.71428571428572,237.0
2015-06-15,104,653,1.19,2015,6,15,0,0,132.57142857142858,110.0
2015-06-16,61,592,1.19,2015,6,16,1,0,123.85714285714286,104.0
2015-06-17,40,1127,1.29,2015,6,17,2,0,108.28571428571429,61.0
2015-06-18,114,1301,1.29,2015,6,18,3,0,108.71428571428571,40.0
2015-06-19,129,1172,1.29,2015,6,19,4,0,113.57142857142857,114.0
2015-06-20,111,1061,1.29,2015,6,20,5,1,95.57142857142857,129.0
2015-06-21,146,915,1.29,2015,6,21,6,1,100.71428571428571,111.0
2015-06-22,57,858,1.49,2015,6,22,0,0,94.0,146.0
2015-06-23,19,839,1.49,2015,6,23,1,0,88.0,57.0
2015-06-24,27,1291,1.49,2015,6,24,2,0,86.14285714285714,19.0
2015-06-25,62,1229,1.49,2015,6,25,3,0,78.71428571428571,27.0
2015-06-26,95,1902,1.49,2015,6,26,4,0,73.85714285714286,62.0
2015-06-27,183,1719,1.39,2015,6,27,5,1,84.14285714285714,95.0
2015-06-28,94,1624,1.39,2015,6,28,6,1,76.71428571428571,183.0
2015-06-29,116,1606,1.39,2015,6,29,0,0,85.14285714285714,94.0
2015-06-30,63,1543,1.39,2015,6,30,1,0,91.42857142857143,116.0
2015-07-01,147,1396,1.39,2015,7,1,2,0,108.57142857142857,63.0
2015-07-02,101,1295,1.39,2015,7,2,3,0,114.14285714285714,147.0
2015-07-03,248,1047,1.29,2015,7,3,4,0,136.0,101.0
2015-07-04,142,905,1.29,2015,7,4,5,1,130.14285714285714,248.0
2015-07-05,186,719,1.29,2015,7,5,6,1,143.28571428571428,142.0
2015-07-06,109,898,1.29,2015,7,6,0,0,142.28571428571428,186.0
2015-07-07,228,957,1.29,2015,7,7,1,0,165.85714285714286,109.0
2015-07-08,66,1083,1.29,2015,7,8,2,0,154.28571428571428,228.0
2015-07-09,182,901,1.29,2015,7,9,3,0,165.85714285714286,66.0
2015-07-10,1,996,1.29,2015,7,10,4,0,130.57142857142858,182.0
2015-07-11,64,1124,1.29,2015,7,11,5,1,119.42857142857143,1.0
2015-07-12,118,1006,1.29,2015,7,12,6,1,109.71428571428571,64.0
2015-07-13,55,950,1.29,2015,7,13,0,0,102.0,118.0
2015-07-14,43,907,1.27,2015,7,14,1,0,75.57142857142857,55.0
2015-07-15,95,812,1.28,2015,7,15,2,0,79.71428571428571,43.0
2015-07-16,54,758,1.28,2015,7,16,3,0,61.42857142857143,95.0
2015-07-17,85,673,1.28,2015,7,17,4,0,73.42857142857143,54.0
2015-07-18,92,869,1.27,2015,7,18,5,1,77.42857142857143,85.0
2015-07-19,61,808,1.28,2015,7,19,6,1,69.28571428571429,92.0
2015-07-20,111,697,1.27,2015,7,20,0,0,77.28571428571429,61.0
2015-07-21,7,1170,1.28,2015,7,21,1,0,72.14285714285714,111.0
2015-07-22,4,1262,1.28,2015,7,22,2,0,59.142857142857146,7.0
2015-07-23,66,1292,1.27,2015,7,23,3,0,60.857142857142854,4.0
2015-07-24,95,1197,1.28,2015,7,24,4,0,62.285714285714285,66.0
2015-07-25,190,1103,1.27,2015,7,25,5,1,76.28571428571429,95.0
2015-07-26,60,1043,1.28,2015,7,26,6,1,76.14285714285714,190.0
2015-07-27,42,1097,1.27,2015,7,27,0,0,66.28571428571429,60.0
2015-07-28,79,1306,1.27,2015,7,28,1,0,76.57142857142857,42.0
2015-07-29,109,1581,1.27,2015,7,29,2,0,91.57142857142857,79.0
2015-07-30,165,1416,1.28,2015,7,30,3,0,105.71428571428571,109.0
2015-07-31,99,1317,1.27,2015,7,31,4,0,106.28571428571429,165.0
2015-08-01,233,1084,1.48,2015,8,1,5,1,112.42857142857143,99.0
2015-08-02,16,1067,1.48,2015,8,2,6,1,106.14285714285714,233.0
2015-08-03,2,1065,1.46,2015,8,3,0,0,100.42857142857143,16.0
2015-08-04,5,1060,1.47,2015,8,4,1,0,89.85714285714286,2.0
2015-08-05,22,1038,1.48,2015,8,5,2,0,77.42857142857143,5.0
2015-08-06,8,1030,1.49,2015,8,6,3,0,55.0,22.0
2015-08-07,65,321,1.48,2015,8,7,4,0,50.142857142857146,8.0
2015-08-08,157,451,1.48,2015,8,8,5,1,39.285714285714285,65.0
2015-08-09,65,386,1.48,2015,8,9,6,1,46.285714285714285,157.0
2015-08-10,90,296,1.48,2015,8,10,0,0,58.857142857142854,65.0
2015-08-11,3,1157,1.18,2015,8,11,1,0,58.57142857142857,90.0
2015-08-12,5,1152,1.18,2015,8,12,2,0,56.142857142857146,3.0
2015-08-13,1,2015,1.19,2015,8,13,3,0,55.142857142857146,5.0
2015-08-14,65,2046,1.18,2015,8,14,4,0,55.142857142857146,1.0
2015-08-15,235,1811,1.17,2015,8,15,5,1,66.28571428571429,65.0
2015-08-16,76,1735,1.18,2015,8,16,6,1,67.85714285714286,235.0
2015-08-17,2,1733,1.19,2015,8,17,0,0,55.285714285714285,76.0
2015-08-18,101,1632,1.18,2015,8,18,1,0,69.28571428571429,2.0
2015-08-19,162,1470,1.17,2015,8,19,2,0,91.71428571428571,101.0
2015-08-20,25,1446,1.17,2015,8,20,3,0,95.14285714285714,162.0
2015-08-21,4,1442,1.16,2015,8,21,4,0,86.42857142857143,25.0
2015-08-22,1,1441,1.19,2015,8,22,5,1,53.0,4.0
2015-08-23,75,1366,1.17,2015,8,23,6,1,52.857142857142854,1.0
2015-08-24,32,1334,1.18,2015,8,24,0,0,57.142857142857146,75.0
2015-08-25,76,1258,1.18,2015,8,25,1,0,53.57142857142857,32.0
2015-08-26,6,1252,1.17,2015,8,26,2,0,31.285714285714285,76.0
2015-08-27,65,1285,1.18,2015,8,27,3,0,37.0,6.0
2015-08-28,145,1140,1.17,2015,8,28,4,0,57.142857142857146,65.0
2015-08-29,78,1062,1.17,2015,8,29,5,1,68.14285714285714,145.0
2015-08-30,6,1055,1.18,2015,8,30,6,1,58.285714285714285,78.0
2015-08-31,0,1151,1.19,2015,8,31,0,0,53.714285714285715,6.0
2015-09-01,126,1217,1.18,2015,9,1,1,0,60.857142857142854,0.0
2015-09-02,240,1073,1.17,2015,9,2,2,0,94.28571428571429,126.0
2015-09-03,67,1006,1.68,2015,9,3,3,0,94.57142857142857,240.0
2015-09-04,140,863,1.68,2015,9,4,4,0,93.85714285714286,67.0
2015-09-05,208,655,1.68,2015,9,5,5,1,112.42857142857143,140.0
2015-09-06,76,579,1.68,2015,9,6,6,1,122.42857142857143,208.0
2015-09-07,240,339,1.68,2015,9,7,0,0,156.71428571428572,76.0
2015-09-08,52,575,1.01,2015,9,8,1,0,146.14285714285714,240.0
2015-09-09,111,464,0.94,2015,9,9,2,0,127.71428571428571,52.0
2015-09-10,176,288,0.97,2015,9,10,3,0,143.28571428571428,111.0
2015-09-11,84,300,1.01,2015,9,11,4,0,135.28571428571428,176.0
2015-09-12,171,129,1.0,2015,9,12,5,1,130.0,84.0
2015-09-13,102,27,0.99,2015,9,13,6,1,133.71428571428572,171.0
2015-09-14,69,0,0.97,2015,9,14,0,0,109.28571428571429,102.0
2015-09-15,77,0,0.93,2015,9,15,1,0,112.85714285714286,69.0
2015-09-16,174,0,0.97,2015,9,16,2,0,121.85714285714286,77.0
2015-09-17,69,0,1.68,2015,9,17,3,0,106.57142857142857,174.0
2015-09-18,52,930,1.68,2015,9,18,4,0,102.0,69.0
2015-09-19,42,1080,1.68,2015,9,19,5,1,83.57142857142857,52.0
2015-09-20,1,1079,1.69,2015,9,20,6,1,69.14285714285714,42.0
2015-09-21,62,1016,1.68,2015,9,21,0,0,68.14285714285714,1.0
2015-09-22,88,928,1.68,2015,9,22,1,0,69.71428571428571,62.0
2015-09-23,60,1348,1.68,2015,9,23,2,0,53.42857142857143,88.0
2015-09-24,2,1442,1.66,2015,9,24,3,0,43.857142857142854,60.0
2015-09-25,3,1631,1.69,2015,9,25,4,0,36.857142857142854,2.0
2015-09-26,9,1622,1.76,2015,9,26,5,1,32.142857142857146,3.0
2015-09-27,142,1480,1.78,2015,9,27,6,1,52.285714285714285,9.0
2015-09-28,90,1580,1.78,2015,9,28,0,0,56.285714285714285,142.0
2015-09-29,20,1560,1.78,2015,9,29,1,0,46.57142857142857,90.0
2015-09-30,37,1523,1.78,2015,9,30,2,0,43.285714285714285,20.0
2015-10-01,86,1437,1.78,2015,10,1,3,0,55.285714285714285,37.0
2015-10-02,166,1367,1.78,2015,10,2,4,0,78.57142857142857,86.0
2015-10-03,391,976,1.48,2015,10,3,5,1,133.14285714285714,166.0
2015-10-04,56,919,1.47,2015,10,4,6,1,120.85714285714286,391.0
2015-10-05,64,951,1.47,2015,10,5,0,0,117.14285714285714,56.0
2015-10-06,35,916,1.48,2015,10,6,1,0,119.28571428571429,64.0
2015-10-07,40,875,1.47,2015,10,7,2,0,119.71428571428571,35.0
2015-10-08,21,1526,1.48,2015,10,8,3,0,110.42857142857143,40.0
2015-10-09,42,1484,1.48,2015,10,9,4,0,92.71428571428571,21.0
2015-10-10,95,1389,1.48,2015,10,10,5,1,50.42857142857143,42.0
2015-10-11,85,1304,1.48,2015,10,11,6,1,54.57142857142857,95.0
2015-10-12,140,1356,1.47,2015,10,12,0,0,65.42857142857143,85.0
2015-10-13,80,1276,1.48,2015,10,13,1,0,71.85714285714286,140.0
2015-10-14,91,1185,1.48,2015,10,14,2,0,79.14285714285714,80.0
2015-10-15,65,1120,1.48,2015,10,15,3,0,85.42857142857143,91.0
2015-10-16,166,1146,1.48,2015,10,16,4,0,103.14285714285714,65.0
2015-10-17,137,1297,1.48,2015,10,17,5,1,109.14285714285714,166.0
2015-10-18,174,1123,1.48,2015,10,18,6,1,121.85714285714286,137.0
2015-10-19,120,1291,1.48,2015,10,19,0,0,119.0,174.0
2015-10-20,93,1198,1.78,2015,10,20,1,0,120.85714285714286,120.0
2015-10-21,100,1096,1.78,2015,10,21,2,0,122.14285714285714,93.0
2015-10-22,137,1055,1.27,2015,10,22,3,0,132.42857142857142,100.0
2015-10-23,241,1006,1.27,2015,10,23,4,0,143.14285714285714,137.0
2015-10-24,113,893,1.27,2015,10,24,5,1,139.71428571428572,241.0
2015-10-25,257,636,1.28,2015,10,25,6,1,151.57142857142858,113.0
2015-10-26,166,474,1.28,2015,10,26,0,0,158.14285714285714,257.0
2015-10-27,162,312,1.28,2015,10,27,1,0,168.0,166.0
2015-10-28,247,1121,1.28,2015,10,28,2,0,189.0,162.0
2015-10-29,70,1435,1.78,2015,10,29,3,0,179.42857142857142,247.0
2015-10-30,139,1296,1.35,2015,10,30,4,0,164.85714285714286,70.0
2015-10-31,195,1293,1.34,2015,10,31,5,1,176.57142857142858,139.0
2015-11-01,206,1087,1.34,2015,11,1,6,1,169.28571428571428,195.0
2015-11-02,268,819,1.35,2015,11,2,0,0,183.85714285714286,206.0
2015-11-03,59,760,1.35,2015,11,3,1,0,169.14285714285714,268.0
2015-11-04,99,1237,1.34,2015,11,4,2,0,148.0,59.0
2015-11-05,63,1366,1.75,2015,11,5,3,0,147.0,99.0
2015-11-06,77,1577,1.76,2015,11,6,4,0,138.14285714285714,63.0
2015-11-07,232,1345,2.18,2015,11,7,5,1,143.42857142857142,77.0
2015-11-08,157,1188,2.18,2015,11,8,6,1,136.42857142857142,232.0
2015-11-09,107,1081,2.19,2015,11,9,0,0,113.42857142857143,157.0
2015-11-10,57,1023,2.18,2015,11,10,1,0,113.14285714285714,107.0
2015-11-11,95,930,2.18,2015,11,11,2,0,112.57142857142857,57.0
2015-11-12,86,844,2.19,2015,11,12,3,0,115.85714285714286,95.0
2015-11-13,102,742,2.19,2015,11,13,4,0,119.42857142857143,86.0
2015-11-14,184,846,1.79,2015,11,14,5,1,112.57142857142857,102.0
2015-11-15,138,708,1.79,2015,11,15,6,1,109.85714285714286,184.0
2015-11-16,106,698,2.19,2015,11,16,0,0,109.71428571428571,138.0
2015-11-17,89,609,2.19,2015,11,17,1,0,114.28571428571429,106.0
2015-11-18,107,502,2.19,2015,11,18,2,0,116.0,89.0
2015-11-19,78,424,2.19,2015,11,19,3,0,114.85714285714286,107.0
2015-11-20,185,238,2.19,2015,11,20,4,0,126.71428571428571,78.0
2015-11-21,151,87,2.19,2015,11,21,5,1,122.0,185.0
2015-11-22,97,0,2.19,2015,11,22,6,1,116.14285714285714,151.0
2015-11-23,76,0,2.19,2015,11,23,0,0,111.85714285714286,97.0
2015-11-24,140,0,2.19,2015,11,24,1,0,119.14285714285714,76.0
2015-11-25,137,0,2.67,2015,11,25,2,0,123.42857142857143,140.0
2015-11-26,84,0,2.69,2015,11,26,3,0,124.28571428571429,137.0
2015-11-27,0,0,2.69,2015,11,27,4,0,97.85714285714286,84.0
2015-11-28,7,0,2.69,2015,11,28,5,1,77.28571428571429,0.0
2015-11-29,5,0,2.69,2015,11,29,6,1,64.14285714285714,7.0
2015-11-30,22,0,2.69,2015,11,30,0,0,56.42857142857143,5.0
2015-12-01,36,0,2.29,2015,12,1,1,0,41.57142857142857,22.0
2015-12-02,36,1655,2.29,2015,12,2,2,0,27.142857142857142,36.0
2015-12-03,38,2001,2.29,2015,12,3,3,0,20.571428571428573,36.0
2015-12-04,95,1905,2.29,2015,12,4,4,0,34.142857142857146,38.0
2015-12-05,108,1893,2.25,2015,12,5,5,1,48.57142857142857,95.0
2015-12-06,70,1823,2.29,2015,12,6,6,1,57.857142857142854,108.0
2015-12-07,78,1745,2.29,2015,12,7,0,0,65.85714285714286,70.0
2015-12-08,77,1668,2.29,2015,12,8,1,0,71.71428571428571,78.0
2015-12-09,76,1880,2.29,2015,12,9,2,0,77.42857142857143,77.0
2015-12-10,59,1821,2.29,2015,12,10,3,0,80.42857142857143,76.0
2015-12-11,42,1779,2.29,2015,12,11,4,0,72.85714285714286,59.0
2015-12-12,142,1637,2.29,2015,12,12,5,1,77.71428571428571,42.0
2015-12-13,116,1521,2.29,2015,12,13,6,1,84.28571428571429,142.0
2015-12-14,57,1848,2.29,2015,12,14,0,0,81.28571428571429,116.0
2015-12-15,167,1681,2.29,2015,12,15,1,0,94.14285714285714,57.0
2015-12-16,154,1527,2.29,2015,12,16,2,0,105.28571428571429,167.0
2015-12-17,139,1964,1.39,2015,12,17,3,0,116.71428571428571,154.0
2015-12-18,192,1772,1.39,2015,12,18,4,0,138.14285714285714,139.0
2015-12-19,295,2533,1.39,2015,12,19,5,1,160.0,192.0
2015-12-20,311,2222,1.39,2015,12,20,6,1,187.85714285714286,295.0
2015-12-21,251,1971,1.39,2015,12,21,0,0,215.57142857142858,311.0
2015-12-22,377,1594,1.39,2015,12,22,1,0,245.57142857142858,251.0
2015-12-23,410,1184,1.39,2015,12,23,2,0,282.14285714285717,377.0
2015-12-24,161,1023,1.39,2015,12,24,3,0,285.2857142857143,410.0
2015-12-25,0,1023,1.39,2015,12,25,4,0,257.85714285714283,161.0
2015-12-26,212,811,1.39,2015,12,26,5,1,246.0,0.0
2015-12-27,106,705,1.39,2015,12,27,6,1,216.71428571428572,212.0
2015-12-28,100,604,1.39,2015,12,28,0,0,195.14285714285714,106.0
2015-12-29,9,595,1.39,2015,12,29,1,0,142.57142857142858,100.0
2015-12-30,0,595,1.39,2015,12,30,2,0,84.0,9.0
2015-12-31,0,595,1.39,2015,12,31,3,0,61.0,0.0
2016-01-01,0,595,1.39,2016,1,1,4,0,61.0,0.0
2016-01-02,3,592,1.39,2016,1,2,5,1,31.142857142857142,0.0
2016-01-03,0,592,2.29,2016,1,3,6,1,16.0,3.0
2016-01-04,0,592,1.46,2016,1,4,0,0,1.7142857142857142,0.0
2016-01-05,3,589,1.46,2016,1,5,1,0,0.8571428571428571,0.0
2016-01-06,3,586,1.46,2016,1,6,2,0,1.2857142857142858,3.0
2016-01-07,0,586,1.46,2016,1,7,3,0,1.2857142857142858,3.0
2016-01-08,2,584,1.46,2016,1,8,4,0,1.5714285714285714,0.0
2016-01-09,0,584,0.0,2016,1,9,5,1,1.1428571428571428,2.0
2016-01-10,3,581,1.46,2016,1,10,6,1,1.5714285714285714,0.0
2016-01-11,0,581,1.46,2016,1,11,0,0,1.5714285714285714,3.0
2016-01-12,103,478,1.46,2016,1,12,1,0,15.857142857142858,0.0
2016-01-13,164,314,1.46,2016,1,13,2,0,38.857142857142854,103.0
2016-01-14,118,196,1.46,2016,1,14,3,0,55.714285714285715,164.0
2016-01-15,65,131,1.46,2016,1,15,4,0,64.71428571428571,118.0
2016-01-16,24,107,1.46,2016,1,16,5,1,68.14285714285714,65.0
2016-01-17,0,107,0.0,2016,1,17,6,1,67.71428571428571,24.0
2016-01-18,1,106,1.46,2016,1,18,0,0,67.85714285714286,0.0
2016-01-19,0,106,1.46,2016,1,19,1,0,53.142857142857146,1.0
2016-01-20,1,105,1.46,2016,1,20,2,0,29.857142857142858,0.0
2016-01-21,60,3213,1.46,2016,1,21,3,0,21.571428571428573,1.0
2016-01-22,103,3110,1.35,2016,1,22,4,0,27.0,60.0
2016-01-23,263,2847,1.39,2016,1,23,5,1,61.142857142857146,103.0
2016-01-24,189,2658,1.39,2016,1,24,6,1,88.14285714285714,263.0
2016-01-25,197,2461,1.39,2016,1,25,0,0,116.14285714285714,189.0
2016-01-26,105,2356,1.46,2016,1,26,1,0,131.14285714285714,197.0
2016-01-27,129,2227,1.46,2016,1,27,2,0,149.42857142857142,105.0
2016-01-28,144,2083,1.46,2016,1,28,3,0,161.42857142857142,129.0
2016-01-29,173,1910,1.79,2016,1,29,4,0,171.42857142857142,144.0
2016-01-30,293,1617,1.79,2016,1,30,5,1,175.71428571428572,173.0
2016-01-31,219,1398,1.79,2016,1,31,6,1,180.0,293.0
2016-02-01,131,1267,1.79,2016,2,1,0,0,170.57142857142858,219.0
2016-02-02,184,1083,1.79,2016,2,2,1,0,181.85714285714286,131.0
2016-02-03,266,817,1.79,2016,2,3,2,0,201.42857142857142,184.0
2016-02-04,98,815,2.18,2016,2,4,3,0,194.85714285714286,266.0
2016-02-05,67,1420,2.29,2016,2,5,4,0,179.71428571428572,98.0
2016-02-06,85,1335,2.29,2016,2,6,5,1,150.0,67.0
2016-02-07,78,1257,2.29,2016,2,7,6,1,129.85714285714286,85.0
2016-02-08,71,1185,2.19,2016,2,8,0,0,121.28571428571429,78.0
2016-02-09,113,1072,2.19,2016,2,9,1,0,111.14285714285714,71.0
2016-02-10,138,1894,2.19,2016,2,10,2,0,92.85714285714286,113.0
2016-02-11,98,1796,2.19,2016,2,11,3,0,92.85714285714286,138.0
2016-02-12,96,1700,2.19,2016,2,12,4,0,97.0,98.0
2016-02-13,190,1510,2.19,2016,2,13,5,1,112.0,96.0
2016-02-14,105,1510,2.19,2016,2,14,6,1,115.85714285714286,190.0
2016-02-15,25,1510,2.19,2016,2,15,0,0,109.28571428571429,105.0
2016-02-16,47,1909,2.19,2016,2,16,1,0,99.85714285714286,25.0
2016-02-17,63,1845,2.19,2016,2,17,2,0,89.14285714285714,47.0
2016-02-18,39,1806,2.19,2016,2,18,3,0,80.71428571428571,63.0
2016-02-19,35,1771,2.19,2016,2,19,4,0,72.0,39.0
2016-02-20,77,1982,2.19,2016,2,20,5,1,55.857142857142854,35.0
2016-02-21,60,1922,2.19,2016,2,21,6,1,49.42857142857143,77.0
2016-02-22,52,1870,2.19,2016,2,22,0,0,53.285714285714285,60.0
2016-02-23,51,1819,2.19,2016,2,23,1,0,53.857142857142854,52.0
2016-02-24,37,1782,2.19,2016,2,24,2,0,50.142857142857146,51.0
2016-02-25,42,1740,2.19,2016,2,25,3,0,50.57142857142857,37.0
2016-02-26,89,1651,2.19,2016,2,26,4,0,58.285714285714285,42.0
2016-02-27,217,1367,2.19,2016,2,27,5,1,78.28571428571429,89.0
2016-02-28,197,1170,2.19,2016,2,28,6,1,97.85714285714286,217.0
2016-02-29,81,1089,2.19,2016,2,29,0,0,102.0,197.0
2016-03-01,58,1607,2.19,2016,3,1,1,0,103.0,81.0
2016-03-02,120,1487,2.19,2016,3,2,2,0,114.85714285714286,58.0
2016-03-03,64,1423,2.19,2016,3,3,3,0,118.0,120.0
2016-03-04,64,1743,2.59,2016,3,4,4,0,114.42857142857143,64.0
2016-03-05,76,1667,2.59,2016,3,5,5,1,94.28571428571429,64.0
2016-03-06,86,1581,2.59,2016,3,6,6,1,78.42857142857143,76.0
2016-03-07,98,1867,2.59,2016,3,7,0,0,80.85714285714286,86.0
2016-03-08,53,1814,2.59,2016,3,8,1,0,80.14285714285714,98.0
2016-03-09,38,1774,2.59,2016,3,9,2,0,68.42857142857143,53.0
2016-03-10,46,1728,2.19,2016,3,10,3,0,65.85714285714286,38.0
2016-03-11,45,1779,2.19,2016,3,11,4,0,63.142857142857146,46.0
2016-03-12,67,1712,2.19,2016,3,12,5,1,61.857142857142854,45.0
2016-03-13,52,1660,2.19,2016,3,13,6,1,57.0,67.0
2016-03-14,24,1825,2.19,2016,3,14,0,0,46.42857142857143,52.0
2016-03-15,51,1774,2.19,2016,3,15,1,0,46.142857142857146,24.0
2016-03-16,127,1647,2.19,2016,3,16,2,0,58.857142857142854,51.0
2016-03-17,75,1572,2.19,2016,3,17,3,0,63.0,127.0
2016-03-18,62,1510,2.19,2016,3,18,4,0,65.42857142857143,75.0
2016-03-19,128,1478,1.99,2016,3,19,5,1,74.14285714285714,62.0
2016-03-20,138,1340,1.99,2016,3,20,6,1,86.42857142857143,128.0
2016-03-21,74,1554,1.99,2016,3,21,0,0,93.57142857142857,138.0
2016-03-22,73,1480,2.59,2016,3,22,1,0,96.71428571428571,74.0
2016-03-23,100,1380,2.59,2016,3,23,2,0,92.85714285714286,73.0
2016-03-24,71,1501,2.59,2016,3,24,3,0,92.28571428571429,100.0
2016-03-25,99,1402,2.59,2016,3,25,4,0,97.57142857142857,71.0
2016-03-26,102,1396,2.59,2016,3,26,5,1,93.85714285714286,99.0
2016-03-27,57,1339,2.59,2016,3,27,6,1,82.28571428571429,102.0
2016-03-28,23,1507,2.59,2016,3,28,0,0,75.0,57.0
2016-03-29,35,1760,2.59,2016,3,29,1,0,69.57142857142857,23.0
2016-03-30,59,1701,2.59,2016,3,30,2,0,63.714285714285715,35.0
2016-03-31,41,1660,2.59,2016,3,31,3,0,59.42857142857143,59.0
2016-04-01,68,1592,2.59,2016,4,1,4,0,55.0,41.0
2016-04-02,84,1508,2.59,2016,4,2,5,1,52.42857142857143,68.0
2016-04-03,42,1466,2.59,2016,4,3,6,1,50.285714285714285,84.0
2016-04-04,95,1659,2.59,2016,4,4,0,0,60.57142857142857,42.0
2016-04-05,85,1574,2.59,2016,4,5,1,0,67.71428571428571,95.0
2016-04-06,102,1472,2.59,2016,4,6,2,0,73.85714285714286,85.0
2016-04-07,111,1457,2.59,2016,4,7,3,0,83.85714285714286,102.0
2016-04-08,113,1344,2.59,2016,4,8,4,0,90.28571428571429,111.0
2016-04-09,208,1136,2.59,2016,4,9,5,1,108.0,113.0
2016-04-10,148,988,2.59,2016,4,10,6,1,123.14285714285714,208.0
2016-04-11,123,2017,2.59,2016,4,11,0,0,127.14285714285714,148.0
2016-04-12,62,1955,2.59,2016,4,12,1,0,123.85714285714286,123.0
2016-04-13,129,1825,2.59,2016,4,13,2,0,127.71428571428571,62.0
2016-04-14,102,1723,2.59,2016,4,14,3,0,126.42857142857143,129.0
2016-04-15,110,3917,2.59,2016,4,15,4,0,126.0,102.0
2016-04-16,202,3715,2.59,2016,4,16,5,1,125.14285714285714,110.0
2016-04-17,144,3571,2.59,2016,4,17,6,1,124.57142857142857,202.0
2016-04-18,84,3487,2.59,2016,4,18,0,0,119.0,144.0
2016-04-19,127,3360,1.89,2016,4,19,1,0,128.28571428571428,84.0
2016-04-20,181,3179,1.89,2016,4,20,2,0,135.71428571428572,127.0
2016-04-21,268,2911,1.89,2016,4,21,3,0,159.42857142857142,181.0
2016-04-22,278,2636,1.89,2016,4,22,4,0,183.42857142857142,268.0
2016-04-23,234,2402,1.89,2016,4,23,5,1,188.0,278.0
2016-04-24,133,2269,1.89,2016,4,24,6,1,186.42857142857142,234.0
2016-04-25,91,2178,1.89,2016,4,25,0,0,187.42857142857142,133.0
2016-04-26,83,2095,2.59,2016,4,26,1,0,181.14285714285714,91.0
2016-04-27,139,1956,2.59,2016,4,27,2,0,175.14285714285714,83.0
2016-04-28,113,1843,2.59,2016,4,28,3,0,153.0,139.0
2016-04-29,141,1702,2.59,2016,4,29,4,0,133.42857142857142,113.0
2016-04-30,228,1474,2.59,2016,4,30,5,1,132.57142857142858,141.0
2016-05-01,163,1311,2.59,2016,5,1,6,1,136.85714285714286,228.0
2016-05-02,0,1605,2.59,2016,5,2,0,0,123.85714285714286,163.0
2016-05-03,125,1768,2.57,2016,5,3,1,0,129.85714285714286,0.0
2016-05-04,180,1876,2.59,2016,5,4,2,0,135.71428571428572,125.0
2016-05-05,222,1846,1.88,2016,5,5,3,0,151.28571428571428,180.0
2016-05-06,243,1602,1.89,2016,5,6,4,0,165.85714285714286,222.0
2016-05-07,408,1196,1.89,2016,5,7,5,1,191.57142857142858,243.0
2016-05-08,181,1014,1.89,2016,5,8,6,1,194.14285714285714,408.0
2016-05-09,176,838,1.88,2016,5,9,0,0,219.28571428571428,181.0
2016-05-10,178,660,1.89,2016,5,10,1,0,226.85714285714286,176.0
2016-05-11,310,348,1.38,2016,5,11,2,0,245.42857142857142,178.0
2016-05-12,134,213,1.89,2016,5,12,3,0,232.85714285714286,310.0
2016-05-13,132,81,1.89,2016,5,13,4,0,217.0,134.0
2016-05-14,1,80,1.89,2016,5,14,5,1,158.85714285714286,132.0
2016-05-15,0,80,0.0,2016,5,15,6,1,133.0,1.0
2016-05-16,0,80,2.59,2016,5,16,0,0,107.85714285714286,0.0
2016-05-17,0,2383,2.59,2016,5,17,1,0,82.42857142857143,0.0
2016-05-18,110,2262,2.59,2016,5,18,2,0,53.857142857142854,0.0
2016-05-19,81,2181,2.59,2016,5,19,3,0,46.285714285714285,110.0
2016-05-20,112,2069,2.59,2016,5,20,4,0,43.42857142857143,81.0
2016-05-21,186,2069,2.59,2016,5,21,5,1,69.85714285714286,112.0
2016-05-22,113,1770,2.59,2016,5,22,6,1,86.0,186.0
2016-05-23,86,1684,2.59,2016,5,23,0,0,98.28571428571429,113.0
2016-05-24,59,1817,2.59,2016,5,24,1,0,106.71428571428571,86.0
2016-05-25,94,5946,2.59,2016,5,25,2,0,104.42857142857143,59.0
2016-05-26,167,5779,2.59,2016,5,26,3,0,116.71428571428571,94.0
2016-05-27,244,5535,2.59,2016,5,27,4,0,135.57142857142858,167.0
2016-05-28,261,5273,2.59,2016,5,28,5,1,146.28571428571428,244.0
2016-05-29,187,5085,2.59,2016,5,29,6,1,156.85714285714286,261.0
2016-05-30,115,4970,2.59,2016,5,30,0,0,161.0,187.0
2016-05-31,139,4831,2.59,2016,5,31,1,0,172.42857142857142,115.0
2016-06-01,273,4558,2.59,2016,6,1,2,0,198.0,139.0
2016-06-02,235,4323,2.59,2016,6,2,3,0,207.71428571428572,273.0
2016-06-03,172,4151,2.59,2016,6,3,4,0,197.42857142857142,235.0
2016-06-04,323,3828,2.59,2016,6,4,5,1,206.28571428571428,172.0
2016-06-05,336,3492,2.59,2016,6,5,6,1,227.57142857142858,323.0
2016-06-06,127,3365,2.59,2016,6,6,0,0,229.28571428571428,336.0
2016-06-07,137,3228,2.59,2016,6,7,1,0,229.0,127.0
2016-06-08,249,2979,2.59,2016,6,8,2,0,225.57142857142858,137.0
2016-06-09,201,2778,2.59,2016,6,9,3,0,220.71428571428572,249.0
2016-06-10,271,2507,1.81,2016,6,10,4,0,234.85714285714286,201.0
2016-06-11,512,2187,1.65,2016,6,11,5,1,261.85714285714283,271.0
2016-06-12,317,1870,1.66,2016,6,12,6,1,259.14285714285717,512.0
2016-06-13,224,1646,1.66,2016,6,13,0,0,273.0,317.0
2016-06-14,239,1407,1.63,2016,6,14,1,0,287.57142857142856,224.0
2016-06-15,377,1182,1.63,2016,6,15,2,0,305.85714285714283,239.0
2016-06-16,239,1423,1.69,2016,6,16,3,0,311.2857142857143,377.0
2016-06-17,243,1756,1.66,2016,6,17,4,0,307.2857142857143,239.0
2016-06-18,438,1318,1.66,2016,6,18,5,1,296.7142857142857,243.0
2016-06-19,334,985,1.68,2016,6,19,6,1,299.14285714285717,438.0
2016-06-20,149,836,2.59,2016,6,20,0,0,288.42857142857144,334.0
2016-06-21,32,803,2.59,2016,6,21,1,0,258.85714285714283,149.0
2016-06-22,39,2204,2.59,2016,6,22,2,0,210.57142857142858,32.0
2016-06-23,42,2738,2.59,2016,6,23,3,0,182.42857142857142,39.0
2016-06-24,64,2674,2.39,2016,6,24,4,0,156.85714285714286,42.0
2016-06-25,170,2504,2.39,2016,6,25,5,1,118.57142857142857,64.0
2016-06-26,132,2372,2.39,2016,6,26,6,1,89.71428571428571,170.0
2016-06-27,123,2249,2.39,2016,6,27,0,0,86.0,132.0
2016-06-28,78,2171,2.39,2016,6,28,1,0,92.57142857142857,123.0
2016-06-29,130,2041,2.39,2016,6,29,2,0,105.57142857142857,78.0
2016-06-30,141,1900,2.39,2016,6,30,3,0,119.71428571428571,130.0
2016-07-01,247,1653,2.39,2016,7,1,4,0,145.85714285714286,141.0
2016-07-02,322,1331,2.39,2016,7,2,5,1,167.57142857142858,247.0
2016-07-03,196,1135,2.39,2016,7,3,6,1,176.71428571428572,322.0
2016-07-04,172,963,2.39,2016,7,4,0,0,183.71428571428572,196.0
2016-07-05,218,1413,2.39,2016,7,5,1,0,203.71428571428572,172.0
2016-07-06,216,1965,2.39,2016,7,6,2,0,216.0,218.0
2016-07-07,179,1882,2.39,2016,7,7,3,0,221.42857142857142,216.0
2016-07-08,32,2234,2.39,2016,7,8,4,0,190.71428571428572,179.0
2016-07-09,95,2139,2.39,2016,7,9,5,1,158.28571428571428,32.0
2016-07-10,78,2061,2.39,2016,7,10,6,1,141.42857142857142,95.0
2016-07-11,122,1939,2.39,2016,7,11,0,0,134.28571428571428,78.0
2016-07-12,164,1967,1.89,2016,7,12,1,0,126.57142857142857,122.0
2016-07-13,288,1670,1.89,2016,7,13,2,0,136.85714285714286,164.0
2016-07-14,138,1532,1.89,2016,7,14,3,0,131.0,288.0
2016-07-15,189,1343,1.89,2016,7,15,4,0,153.42857142857142,138.0
2016-07-16,321,1022,1.89,2016,7,16,5,1,185.71428571428572,189.0
2016-07-17,209,813,1.89,2016,7,17,6,1,204.42857142857142,321.0
2016-07-18,161,1420,1.89,2016,7,18,0,0,210.0,209.0
2016-07-19,157,1359,1.89,2016,7,19,1,0,209.0,161.0
2016-07-20,283,1075,1.89,2016,7,20,2,0,208.28571428571428,157.0
2016-07-21,60,1015,2.39,2016,7,21,3,0,197.14285714285714,283.0
2016-07-22,98,917,2.39,2016,7,22,4,0,184.14285714285714,60.0
2016-07-23,133,1550,2.39,2016,7,23,5,1,157.28571428571428,98.0
2016-07-24,130,1420,2.39,2016,7,24,6,1,146.0,133.0
2016-07-25,62,1358,2.39,2016,7,25,0,0,131.85714285714286,130.0
2016-07-26,97,2893,2.39,2016,7,26,1,0,123.28571428571429,62.0
2016-07-27,98,3179,2.39,2016,7,27,2,0,96.85714285714286,97.0
2016-07-28,108,3071,2.39,2016,7,28,3,0,103.71428571428571,98.0
2016-07-29,128,4095,2.39,2016,7,29,4,0,108.0,108.0
2016-07-30,270,3825,2.39,2016,7,30,5,1,127.57142857142857,128.0
2016-07-31,183,3642,2.39,2016,7,31,6,1,135.14285714285714,270.0
